person_id;created_by;created_when;modified_by;modified_when
12;Admin;CURRENT_TIMESTAMP;Admin;CURRENT_TIMESTAMP
13;Admin;CURRENT_TIMESTAMP;Admin;CURRENT_TIMESTAMP
14;Admin;CURRENT_TIMESTAMP;Admin;CURRENT_TIMESTAMP
15;Admin;CURRENT_TIMESTAMP;Admin;CURRENT_TIMESTAMP
16;Admin;CURRENT_TIMESTAMP;Admin;CURRENT_TIMESTAMP
17;Admin;CURRENT_TIMESTAMP;Admin;CURRENT_TIMESTAMP
18;Admin;CURRENT_TIMESTAMP;Admin;CURRENT_TIMESTAMP
19;Admin;CURRENT_TIMESTAMP;Admin;CURRENT_TIMESTAMP
20;Admin;CURRENT_TIMESTAMP;Admin;CURRENT_TIMESTAMP
21;Admin;CURRENT_TIMESTAMP;Admin;CURRENT_TIMESTAMP
